{
  "project_info": {
    "project_number": "410937129056",
    "firebase_url": "https://mychatapp-ac366.firebaseio.com",
    "project_id": "mychatapp-ac366",
    "storage_bucket": "mychatapp-ac366.appspot.com"
  },
  "client": [
    {
      "client_info": {
        "mobilesdk_app_id": "1:410937129056:android:1083c5429dd0bf00",
        "android_client_info": {
          "package_name": "mychatapp.gohool.com.mychatapp"
        }
      },
      "oauth_client": [
        {
          "client_id": "410937129056-h5fb8v6vb1oa5gkki9nok2p1cpr1feg2.apps.googleusercontent.com",
          "client_type": 1,
          "android_info": {
            "package_name": "mychatapp.gohool.com.mychatapp",
            "certificate_hash": "b32ffed495a7c4b5e4e42298b96ccebc4d33bec0"
          }
        },
        {
          "client_id": "410937129056-nc6vsnu7b9s659k5p3mk8a0ustjdrsa1.apps.googleusercontent.com",
          "client_type": 3
        }
      ],
      "api_key": [
        {
          "current_key": "AIzaSyBuusM1PSXaOaiEkHUUDDs9nHY5gHmk8Jo"
        }
      ],
      "services": {
        "analytics_service": {
          "status": 1
        },
        "appinvite_service": {
          "status": 2,
          "other_platform_oauth_client": [
            {
              "client_id": "410937129056-nc6vsnu7b9s659k5p3mk8a0ustjdrsa1.apps.googleusercontent.com",
              "client_type": 3
            }
          ]
        },
        "ads_service": {
          "status": 2
        }
      }
    }
  ],
  "configuration_version": "1"
}